Workbook

Sheet How to Fill

Sheet Define Event Report
A1: Vendor | B1: Model | C1: Settings | D1: Settings Value | E1: Equipment Type (e.g., Process, Metrology)
A2: TL | B2: FTGM2 | C2: DATAIDType | D2: U4 | E2: Metrology
C3: VIDType | D3: U4
C4: CEIDType | D4: U4
C5: RPTIDType | D5: U4
C6: ECIDType | D6: U4
C7: ALIDType | D7: U4
A10: Index | B10: SEMI | C10: Event | D10: AliasName_MappingWithTSMC | E10: TAP->TCS Report | F10: CEID | G10: Valid_DV | H10: DVID | I10: Data_Type | J10: Event Name (SECS Manual) | K10: VID Name (SECS Manual) | L10: Remark
A11: 1 | B11: E30 | C11: OffLine | D11: ToolModeChange_OffLine | F11: 1 | G11: ControlState | H11: =IFERROR(IF(VLOOKUP($G11, 'Enter DVID'!$A$1:$C$61, 2, FALSE)="", "", VLOOKUP($G11, 'Enter DVID'!$A$1:$C$61, 2, FALSE)), "") -> 6 | I11: =IFERROR(IF(VLOOKUP($G11, 'Enter DVID'!$A$1:$C$61, 3, FALSE)="", "", VLOOKUP($G11, 'Enter DVID'!$A$1:$C$61, 3, FALSE)), "") -> U1 | J11: GEM_Equipment_Off_Line | K11: =IFERROR(IF(VLOOKUP($G11, 'Enter DVID'!$A$1:$D$61, 4, FALSE)="", "", VLOOKUP($G11, 'Enter DVID'!$A$1:$D$61, 4, FALSE)), "") -> SYS_CONTROL_STATE
G12: EventName | H12: =IFERROR(IF(VLOOKUP($G12, 'Enter DVID'!$A$1:$C$61, 2, FALSE)="", "", VLOOKUP($G12, 'Enter DVID'!$A$1:$C$61, 2, FALSE)), "") | I12: =IFERROR(IF(VLOOKUP($G12, 'Enter DVID'!$A$1:$C$61, 3, FALSE)="", "", VLOOKUP($G12, 'Enter DVID'!$A$1:$C$61, 3, FALSE)), "") | K12: =IFERROR(IF(VLOOKUP($G12, 'Enter DVID'!$A$1:$D$61, 4, FALSE)="", "", VLOOKUP($G12, 'Enter DVID'!$A$1:$D$61, 4, FALSE)), "")
G13: CLOCK | H13: =IFERROR(IF(VLOOKUP($G13, 'Enter DVID'!$A$1:$C$61, 2, FALSE)="", "", VLOOKUP($G13, 'Enter DVID'!$A$1:$C$61, 2, FALSE)), "") -> 3 | I13: =IFERROR(IF(VLOOKUP($G13, 'Enter DVID'!$A$1:$C$61, 3, FALSE)="", "", VLOOKUP($G13, 'Enter DVID'!$A$1:$C$61, 3, FALSE)), "") -> A | K13: =IFERROR(IF(VLOOKUP($G13, 'Enter DVID'!$A$1:$D$61, 4, FALSE)="", "", VLOOKUP($G13, 'Enter DVID'!$A$1:$D$61, 4, FALSE)), "") -> SYS_CLOCK
A15: Index | B15: SEMI | C15: Event | D15: AliasName_MappingWithTSMC | E15: TAP->TCS Report | F15: CEID | G15: Valid_DV | H15: DVID | I15: Data_Type | J15: Event Name (SECS Manual) | K15: VID Name (SECS Manual) | L15: Remark
A16: 2 | B16: E30 | C16: Remote | D16: ToolModeChange_Remote | F16: 3 | G16: ControlState | H16: =IFERROR(IF(VLOOKUP($G16, 'Enter DVID'!$A$1:$C$61, 2, FALSE)="", "", VLOOKUP($G16, 'Enter DVID'!$A$1:$C$61, 2, FALSE)), "") -> 6 | I16: =IFERROR(IF(VLOOKUP($G16, 'Enter DVID'!$A$1:$C$61, 3, FALSE)="", "", VLOOKUP($G16, 'Enter DVID'!$A$1:$C$61, 3, FALSE)), "") -> U1 | J16: GEM_Control_State_Remote | K16: =IFERROR(IF(VLOOKUP($G16, 'Enter DVID'!$A$1:$D$61, 4, FALSE)="", "", VLOOKUP($G16, 'Enter DVID'!$A$1:$D$61, 4, FALSE)), "") -> SYS_CONTROL_STATE
G17: EventName | H17: =IFERROR(IF(VLOOKUP($G17, 'Enter DVID'!$A$1:$C$61, 2, FALSE)="", "", VLOOKUP($G17, 'Enter DVID'!$A$1:$C$61, 2, FALSE)), "") | I17: =IFERROR(IF(VLOOKUP($G17, 'Enter DVID'!$A$1:$C$61, 3, FALSE)="", "", VLOOKUP($G17, 'Enter DVID'!$A$1:$C$61, 3, FALSE)), "") | K17: =IFERROR(IF(VLOOKUP($G17, 'Enter DVID'!$A$1:$D$61, 4, FALSE)="", "", VLOOKUP($G17, 'Enter DVID'!$A$1:$D$61, 4, FALSE)), "")
G18: CLOCK | H18: =IFERROR(IF(VLOOKUP($G18, 'Enter DVID'!$A$1:$C$61, 2, FALSE)="", "", VLOOKUP($G18, 'Enter DVID'!$A$1:$C$61, 2, FALSE)), "") -> 3 | I18: =IFERROR(IF(VLOOKUP($G18, 'Enter DVID'!$A$1:$C$61, 3, FALSE)="", "", VLOOKUP($G18, 'Enter DVID'!$A$1:$C$61, 3, FALSE)), "") -> A | K18: =IFERROR(IF(VLOOKUP($G18, 'Enter DVID'!$A$1:$D$61, 4, FALSE)="", "", VLOOKUP($G18, 'Enter DVID'!$A$1:$D$61, 4, FALSE)), "") -> SYS_CLOCK
A20: Index | B20: SEMI | C20: Event | D20: AliasName_MappingWithTSMC | E20: TAP->TCS Report | F20: CEID | G20: Valid_DV | H20: DVID | I20: Data_Type | J20: Event Name (SECS Manual) | K20: VID Name (SECS Manual) | L20: Remark
A21: 3 | B21: E30 | C21: Local | D21: ToolModeChange_Local | F21: 2 | G21: ControlState | H21: =IFERROR(IF(VLOOKUP($G21, 'Enter DVID'!$A$1:$C$61, 2, FALSE)="", "", VLOOKUP($G21, 'Enter DVID'!$A$1:$C$61, 2, FALSE)), "") -> 6 | I21: =IFERROR(IF(VLOOKUP($G21, 'Enter DVID'!$A$1:$C$61, 3, FALSE)="", "", VLOOKUP($G21, 'Enter DVID'!$A$1:$C$61, 3, FALSE)), "") -> U1 | J21: GEM_Control_State_Local | K21: =IFERROR(IF(VLOOKUP($G21, 'Enter DVID'!$A$1:$D$61, 4, FALSE)="", "", VLOOKUP($G21, 'Enter DVID'!$A$1:$D$61, 4, FALSE)), "") -> SYS_CONTROL_STATE
G22: EventName | H22: =IFERROR(IF(VLOOKUP($G22, 'Enter DVID'!$A$1:$C$61, 2, FALSE)="", "", VLOOKUP($G22, 'Enter DVID'!$A$1:$C$61, 2, FALSE)), "") | I22: =IFERROR(IF(VLOOKUP($G22, 'Enter DVID'!$A$1:$C$61, 3, FALSE)="", "", VLOOKUP($G22, 'Enter DVID'!$A$1:$C$61, 3, FALSE)), "") | K22: =IFERROR(IF(VLOOKUP($G22, 'Enter DVID'!$A$1:$D$61, 4, FALSE)="", "", VLOOKUP($G22, 'Enter DVID'!$A$1:$D$61, 4, FALSE)), "")
G23: CLOCK | H23: =IFERROR(IF(VLOOKUP($G23, 'Enter DVID'!$A$1:$C$61, 2, FALSE)="", "", VLOOKUP($G23, 'Enter DVID'!$A$1:$C$61, 2, FALSE)), "") -> 3 | I23: =IFERROR(IF(VLOOKUP($G23, 'Enter DVID'!$A$1:$C$61, 3, FALSE)="", "", VLOOKUP($G23, 'Enter DVID'!$A$1:$C$61, 3, FALSE)), "") -> A | K23: =IFERROR(IF(VLOOKUP($G23, 'Enter DVID'!$A$1:$D$61, 4, FALSE)="", "", VLOOKUP($G23, 'Enter DVID'!$A$1:$D$61, 4, FALSE)), "") -> SYS_CLOCK
A25: Index | B25: SEMI | C25: Event | D25: AliasName_MappingWithTSMC | E25: TAP->TCS Report | F25: CEID | G25: Valid_DV | H25: DVID | I25: Data_Type | J25: Event Name (SECS Manual) | K25: VID Name (SECS Manual) | L25: Remark
A26: 4 | B26: E30 | C26: EquipmentChange | D26: ECChange | F26: 6300 | G26: ECChangeID | H26: =IFERROR(IF(VLOOKUP($G26, 'Enter DVID'!$A$1:$C$61, 2, FALSE)="", "", VLOOKUP($G26, 'Enter DVID'!$A$1:$C$61, 2, FALSE)), "") -> 47 | I26: =IFERROR(IF(VLOOKUP($G26, 'Enter DVID'!$A$1:$C$61, 3, FALSE)="", "", VLOOKUP($G26, 'Enter DVID'!$A$1:$C$61, 3, FALSE)), "") -> U4 | J26: EquipmentConstChange | K26: =IFERROR(IF(VLOOKUP($G26, 'Enter DVID'!$A$1:$D$61, 4, FALSE)="", "", VLOOKUP($G26, 'Enter DVID'!$A$1:$D$61, 4, FALSE)), "") -> SYS_ECID_CHANGED
A28: Index | B28: SEMI | C28: Event | D28: AliasName_MappingWithTSMC | E28: TAP->TCS Report | F28: CEID | G28: Valid_DV | H28: DVID | I28: Data_Type | J28: Event Name (SECS Manual) | K28: VID Name (SECS Manual) | L28: Remark
A29: 5 | B29: E30 | C29: ProcessProgramChange by operator-initiated | D29: GemPPChangeEvent | F29: 6290 | G29: PPChangeName | H29: =IFERROR(IF(VLOOKUP($G29, 'Enter DVID'!$A$1:$C$61, 2, FALSE)="", "", VLOOKUP($G29, 'Enter DVID'!$A$1:$C$61, 2, FALSE)), "") -> 41 | I29: =IFERROR(IF(VLOOKUP($G29, 'Enter DVID'!$A$1:$C$61, 3, FALSE)="", "", VLOOKUP($G29, 'Enter DVID'!$A$1:$C$61, 3, FALSE)), "") -> A | J29: PPChange | K29: =IFERROR(IF(VLOOKUP($G29, 'Enter DVID'!$A$1:$D$61, 4, FALSE)="", "", VLOOKUP($G29, 'Enter DVID'!$A$1:$D$61, 4, FALSE)), "") -> SYS_PP_CHANGE_NAME
G30: PPChangeStatus | H30: =IFERROR(IF(VLOOKUP($G30, 'Enter DVID'!$A$1:$C$61, 2, FALSE)="", "", VLOOKUP($G30, 'Enter DVID'!$A$1:$C$61, 2, FALSE)), "") -> 42 | I30: =IFERROR(IF(VLOOKUP($G30, 'Enter DVID'!$A$1:$C$61, 3, FALSE)="", "", VLOOKUP($G30, 'Enter DVID'!$A$1:$C$61, 3, FALSE)), "") -> U1 | K30: =IFERROR(IF(VLOOKUP($G30, 'Enter DVID'!$A$1:$D$61, 4, FALSE)="", "", VLOOKUP($G30, 'Enter DVID'!$A$1:$D$61, 4, FALSE)), "") -> SYS_PP_CHANGE_STATUS
G31: PPChangeStatusText | H31: =IFERROR(IF(VLOOKUP($G31, 'Enter DVID'!$A$1:$C$61, 2, FALSE)="", "", VLOOKUP($G31, 'Enter DVID'!$A$1:$C$61, 2, FALSE)), "") -> 4142 | I31: =IFERROR(IF(VLOOKUP($G31, 'Enter DVID'!$A$1:$C$61, 3, FALSE)="", "", VLOOKUP($G31, 'Enter DVID'!$A$1:$C$61, 3, FALSE)), "") -> A | K31: =IFERROR(IF(VLOOKUP($G31, 'Enter DVID'!$A$1:$D$61, 4, FALSE)="", "", VLOOKUP($G31, 'Enter DVID'!$A$1:$D$61, 4, FALSE)), "") -> SYS_PP_CHANGE_STATUS_TEXT
A33: Index | B33: SEMI | C33: Event | D33: AliasName_MappingWithTSMC | E33: TAP->TCS Report | F33: CEID | G33: Valid_DV | H33: DVID | I33: Data_Type | J33: Event Name (SECS Manual) | K33: VID Name (SECS Manual) | L33: Remark
A34: 6 | B34: E87 | C34: UNDEFINE->OUT OF SERVICE | D34: UndefineOutOfService | F34: 221 | G34: PortID | H34: =IFERROR(IF(VLOOKUP($G34, 'Enter DVID'!$A$1:$C$61, 2, FALSE)="", "", VLOOKUP($G34, 'Enter DVID'!$A$1:$C$61, 2, FALSE)), "") -> 2001 | I34: =IFERROR(IF(VLOOKUP($G34, 'Enter DVID'!$A$1:$C$61, 3, FALSE)="", "", VLOOKUP($G34, 'Enter DVID'!$A$1:$C$61, 3, FALSE)), "") -> U1 | J34: CMS_NoStateToOutOfService | K34: =IFERROR(IF(VLOOKUP($G34, 'Enter DVID'!$A$1:$D$61, 4, FALSE)="", "", VLOOKUP($G34, 'Enter DVID'!$A$1:$D$61, 4, FALSE)), "") -> PORTID
G35: PortTransferState | H35: =IFERROR(IF(VLOOKUP($G35, 'Enter DVID'!$A$1:$C$61, 2, FALSE)="", "", VLOOKUP($G35, 'Enter DVID'!$A$1:$C$61, 2, FALSE)), "") -> 2005 | I35: =IFERROR(IF(VLOOKUP($G35, 'Enter DVID'!$A$1:$C$61, 3, FALSE)="", "", VLOOKUP($G35, 'Enter DVID'!$A$1:$C$61, 3, FALSE)), "") -> U1 | K35: =IFERROR(IF(VLOOKUP($G35, 'Enter DVID'!$A$1:$D$61, 4, FALSE)="", "", VLOOKUP($G35, 'Enter DVID'!$A$1:$D$61, 4, FALSE)), "") -> PORTTRANSFERSTATE
G36: EventName | H36: =IFERROR(IF(VLOOKUP($G36, 'Enter DVID'!$A$1:$C$61, 2, FALSE)="", "", VLOOKUP($G36, 'Enter DVID'!$A$1:$C$61, 2, FALSE)), "") | I36: =IFERROR(IF(VLOOKUP($G36, 'Enter DVID'!$A$1:$C$61, 3, FALSE)="", "", VLOOKUP($G36, 'Enter DVID'!$A$1:$C$61, 3, FALSE)), "") | K36: =IFERROR(IF(VLOOKUP($G36, 'Enter DVID'!$A$1:$D$61, 4, FALSE)="", "", VLOOKUP($G36, 'Enter DVID'!$A$1:$D$61, 4, FALSE)), "")
G37: CLOCK | H37: =IFERROR(IF(VLOOKUP($G37, 'Enter DVID'!$A$1:$C$61, 2, FALSE)="", "", VLOOKUP($G37, 'Enter DVID'!$A$1:$C$61, 2, FALSE)), "") -> 3 | I37: =IFERROR(IF(VLOOKUP($G37, 'Enter DVID'!$A$1:$C$61, 3, FALSE)="", "", VLOOKUP($G37, 'Enter DVID'!$A$1:$C$61, 3, FALSE)), "") -> A | K37: =IFERROR(IF(VLOOKUP($G37, 'Enter DVID'!$A$1:$D$61, 4, FALSE)="", "", VLOOKUP($G37, 'Enter DVID'!$A$1:$D$61, 4, FALSE)), "") -> SYS_CLOCK
G38: PortStateInfo | H38: =IFERROR(IF(VLOOKUP($G38, 'Enter DVID'!$A$1:$C$61, 2, FALSE)="", "", VLOOKUP($G38, 'Enter DVID'!$A$1:$C$61, 2, FALSE)), "") -> 463 | I38: =IFERROR(IF(VLOOKUP($G38, 'Enter DVID'!$A$1:$C$61, 3, FALSE)="", "", VLOOKUP($G38, 'Enter DVID'!$A$1:$C$61, 3, FALSE)), "") -> List | K38: =IFERROR(IF(VLOOKUP($G38, 'Enter DVID'!$A$1:$D$61, 4, FALSE)="", "", VLOOKUP($G38, 'Enter DVID'!$A$1:$D$61, 4, FALSE)), "") -> CMS_PORTSTATEINFO
A40: Index | B40: SEMI | C40: Event | D40: AliasName_MappingWithTSMC | E40: TAP->TCS Report | F40: CEID | G40: Valid_DV | H40: DVID | I40: Data_Type | J40: Event Name (SECS Manual) | K40: VID Name (SECS Manual) | L40: Remark
A41: 7 | B41: E87 | C41: IN SERVICE->OUT OF SERVICE | D41: OutOfService | F41: 224 | G41: PortID | H41: =IFERROR(IF(VLOOKUP($G41, 'Enter DVID'!$A$1:$C$61, 2, FALSE)="", "", VLOOKUP($G41, 'Enter DVID'!$A$1:$C$61, 2, FALSE)), "") -> 2001 | I41: =IFERROR(IF(VLOOKUP($G41, 'Enter DVID'!$A$1:$C$61, 3, FALSE)="", "", VLOOKUP($G41, 'Enter DVID'!$A$1:$C$61, 3, FALSE)), "") -> U1 | J41: CMS_InServiceToOutOfService | K41: =IFERROR(IF(VLOOKUP($G41, 'Enter DVID'!$A$1:$D$61, 4, FALSE)="", "", VLOOKUP($G41, 'Enter DVID'!$A$1:$D$61, 4, FALSE)), "") -> PORTID
G42: PortTransferState | H42: =IFERROR(IF(VLOOKUP($G42, 'Enter DVID'!$A$1:$C$61, 2, FALSE)="", "", VLOOKUP($G42, 'Enter DVID'!$A$1:$C$61, 2, FALSE)), "") -> 2005 | I42: =IFERROR(IF(VLOOKUP($G42, 'Enter DVID'!$A$1:$C$61, 3, FALSE)="", "", VLOOKUP($G42, 'Enter DVID'!$A$1:$C$61, 3, FALSE)), "") -> U1 | K42: =IFERROR(IF(VLOOKUP($G42, 'Enter DVID'!$A$1:$D$61, 4, FALSE)="", "", VLOOKUP($G42, 'Enter DVID'!$A$1:$D$61, 4, FALSE)), "") -> PORTTRANSFERSTATE
G43: EventName | H43: =IFERROR(IF(VLOOKUP($G43, 'Enter DVID'!$A$1:$C$61, 2, FALSE)="", "", VLOOKUP($G43, 'Enter DVID'!$A$1:$C$61, 2, FALSE)), "") | I43: =IFERROR(IF(VLOOKUP($G43, 'Enter DVID'!$A$1:$C$61, 3, FALSE)="", "", VLOOKUP($G43, 'Enter DVID'!$A$1:$C$61, 3, FALSE)), "") | K43: =IFERROR(IF(VLOOKUP($G43, 'Enter DVID'!$A$1:$D$61, 4, FALSE)="", "", VLOOKUP($G43, 'Enter DVID'!$A$1:$D$61, 4, FALSE)), "")
G44: CLOCK | H44: =IFERROR(IF(VLOOKUP($G44, 'Enter DVID'!$A$1:$C$61, 2, FALSE)="", "", VLOOKUP($G44, 'Enter DVID'!$A$1:$C$61, 2, FALSE)), "") -> 3 | I44: =IFERROR(IF(VLOOKUP($G44, 'Enter DVID'!$A$1:$C$61, 3, FALSE)="", "", VLOOKUP($G44, 'Enter DVID'!$A$1:$C$61, 3, FALSE)), "") -> A | K44: =IFERROR(IF(VLOOKUP($G44, 'Enter DVID'!$A$1:$D$61, 4, FALSE)="", "", VLOOKUP($G44, 'Enter DVID'!$A$1:$D$61, 4, FALSE)), "") -> SYS_CLOCK
G45: PortStateInfo | H45: =IFERROR(IF(VLOOKUP($G45, 'Enter DVID'!$A$1:$C$61, 2, FALSE)="", "", VLOOKUP($G45, 'Enter DVID'!$A$1:$C$61, 2, FALSE)), "") -> 463 | I45: =IFERROR(IF(VLOOKUP($G45, 'Enter DVID'!$A$1:$C$61, 3, FALSE)="", "", VLOOKUP($G45, 'Enter DVID'!$A$1:$C$61, 3, FALSE)), "") -> List | K45: =IFERROR(IF(VLOOKUP($G45, 'Enter DVID'!$A$1:$D$61, 4, FALSE)="", "", VLOOKUP($G45, 'Enter DVID'!$A$1:$D$61, 4, FALSE)), "") -> CMS_PORTSTATEINFO
A47: Index | B47: SEMI | C47: Event | D47: AliasName_MappingWithTSMC | E47: TAP->TCS Report | F47: CEID | G47: Valid_DV | H47: DVID | I47: Data_Type | J47: Event Name (SECS Manual) | K47: VID Name (SECS Manual) | L47: Remark
A48: 8 | B48: E87 | C48: OUT OF SERVICE->IN SERVICE | D48: InService | F48: 223 | G48: PortID | H48: =IFERROR(IF(VLOOKUP($G48, 'Enter DVID'!$A$1:$C$61, 2, FALSE)="", "", VLOOKUP($G48, 'Enter DVID'!$A$1:$C$61, 2, FALSE)), "") -> 2001 | I48: =IFERROR(IF(VLOOKUP($G48, 'Enter DVID'!$A$1:$C$61, 3, FALSE)="", "", VLOOKUP($G48, 'Enter DVID'!$A$1:$C$61, 3, FALSE)), "") -> U1 | J48: CMS_OutOfServiceToInService | K48: =IFERROR(IF(VLOOKUP($G48, 'Enter DVID'!$A$1:$D$61, 4, FALSE)="", "", VLOOKUP($G48, 'Enter DVID'!$A$1:$D$61, 4, FALSE)), "") -> PORTID
G49: PortTransferState | H49: =IFERROR(IF(VLOOKUP($G49, 'Enter DVID'!$A$1:$C$61, 2, FALSE)="", "", VLOOKUP($G49, 'Enter DVID'!$A$1:$C$61, 2, FALSE)), "") -> 2005 | I49: =IFERROR(IF(VLOOKUP($G49, 'Enter DVID'!$A$1:$C$61, 3, FALSE)="", "", VLOOKUP($G49, 'Enter DVID'!$A$1:$C$61, 3, FALSE)), "") -> U1 | K49: =IFERROR(IF(VLOOKUP($G49, 'Enter DVID'!$A$1:$D$61, 4, FALSE)="", "", VLOOKUP($G49, 'Enter DVID'!$A$1:$D$61, 4, FALSE)), "") -> PORTTRANSFERSTATE
G50: EventName | H50: =IFERROR(IF(VLOOKUP($G50, 'Enter DVID'!$A$1:$C$61, 2, FALSE)="", "", VLOOKUP($G50, 'Enter DVID'!$A$1:$C$61, 2, FALSE)), "") | I50: =IFERROR(IF(VLOOKUP($G50, 'Enter DVID'!$A$1:$C$61, 3, FALSE)="", "", VLOOKUP($G50, 'Enter DVID'!$A$1:$C$61, 3, FALSE)), "") | K50: =IFERROR(IF(VLOOKUP($G50, 'Enter DVID'!$A$1:$D$61, 4, FALSE)="", "", VLOOKUP($G50, 'Enter DVID'!$A$1:$D$61, 4, FALSE)), "")
G51: CLOCK | H51: =IFERROR(IF(VLOOKUP($G51, 'Enter DVID'!$A$1:$C$61, 2, FALSE)="", "", VLOOKUP($G51, 'Enter DVID'!$A$1:$C$61, 2, FALSE)), "") -> 3 | I51: =IFERROR(IF(VLOOKUP($G51, 'Enter DVID'!$A$1:$C$61, 3, FALSE)="", "", VLOOKUP($G51, 'Enter DVID'!$A$1:$C$61, 3, FALSE)), "") -> A | K51: =IFERROR(IF(VLOOKUP($G51, 'Enter DVID'!$A$1:$D$61, 4, FALSE)="", "", VLOOKUP($G51, 'Enter DVID'!$A$1:$D$61, 4, FALSE)), "") -> SYS_CLOCK
G52: PortStateInfo | H52: =IFERROR(IF(VLOOKUP($G52, 'Enter DVID'!$A$1:$C$61, 2, FALSE)="", "", VLOOKUP($G52, 'Enter DVID'!$A$1:$C$61, 2, FALSE)), "") -> 463 | I52: =IFERROR(IF(VLOOKUP($G52, 'Enter DVID'!$A$1:$C$61, 3, FALSE)="", "", VLOOKUP($G52, 'Enter DVID'!$A$1:$C$61, 3, FALSE)), "") -> List | K52: =IFERROR(IF(VLOOKUP($G52, 'Enter DVID'!$A$1:$D$61, 4, FALSE)="", "", VLOOKUP($G52, 'Enter DVID'!$A$1:$D$61, 4, FALSE)), "") -> CMS_PORTSTATEINFO
A54: Index | B54: SEMI | C54: Event | D54: AliasName_MappingWithTSMC | E54: TAP->TCS Report | F54: CEID | G54: Valid_DV | H54: DVID | I54: Data_Type | J54: Event Name (SECS Manual) | K54: VID Name (SECS Manual) | L54: Remark
A55: 9 | B55: E87 | C55: READY TO LOAD->TRANSFER BLOCKED | D55: LoadComplete | E55: LoadCompleteReport | F55: 229 | G55: PortID | H55: =IFERROR(IF(VLOOKUP($G55, 'Enter DVID'!$A$1:$C$61, 2, FALSE)="", "", VLOOKUP($G55, 'Enter DVID'!$A$1:$C$61, 2, FALSE)), "") -> 2001 | I55: =IFERROR(IF(VLOOKUP($G55, 'Enter DVID'!$A$1:$C$61, 3, FALSE)="", "", VLOOKUP($G55, 'Enter DVID'!$A$1:$C$61, 3, FALSE)), "") -> U1 | J55: CMS_ReadyToLoadToTransferBlocked | K55: =IFERROR(IF(VLOOKUP($G55, 'Enter DVID'!$A$1:$D$61, 4, FALSE)="", "", VLOOKUP($G55, 'Enter DVID'!$A$1:$D$61, 4, FALSE)), "") -> PORTID
C56: CarrierPlaced | G56: PortTransferState | H56: =IFERROR(IF(VLOOKUP($G56, 'Enter DVID'!$A$1:$C$61, 2, FALSE)="", "", VLOOKUP($G56, 'Enter DVID'!$A$1:$C$61, 2, FALSE)), "") -> 2005 | I56: =IFERROR(IF(VLOOKUP($G56, 'Enter DVID'!$A$1:$C$61, 3, FALSE)="", "", VLOOKUP($G56, 'Enter DVID'!$A$1:$C$61, 3, FALSE)), "") -> U1 | K56: =IFERROR(IF(VLOOKUP($G56, 'Enter DVID'!$A$1:$D$61, 4, FALSE)="", "", VLOOKUP($G56, 'Enter DVID'!$A$1:$D$61, 4, FALSE)), "") -> PORTTRANSFERSTATE
G57: EventName | H57: =IFERROR(IF(VLOOKUP($G57, 'Enter DVID'!$A$1:$C$61, 2, FALSE)="", "", VLOOKUP($G57, 'Enter DVID'!$A$1:$C$61, 2, FALSE)), "") | I57: =IFERROR(IF(VLOOKUP($G57, 'Enter DVID'!$A$1:$C$61, 3, FALSE)="", "", VLOOKUP($G57, 'Enter DVID'!$A$1:$C$61, 3, FALSE)), "") | K57: =IFERROR(IF(VLOOKUP($G57, 'Enter DVID'!$A$1:$D$61, 4, FALSE)="", "", VLOOKUP($G57, 'Enter DVID'!$A$1:$D$61, 4, FALSE)), "")
G58: CLOCK | H58: =IFERROR(IF(VLOOKUP($G58, 'Enter DVID'!$A$1:$C$61, 2, FALSE)="", "", VLOOKUP($G58, 'Enter DVID'!$A$1:$C$61, 2, FALSE)), "") -> 3 | I58: =IFERROR(IF(VLOOKUP($G58, 'Enter DVID'!$A$1:$C$61, 3, FALSE)="", "", VLOOKUP($G58, 'Enter DVID'!$A$1:$C$61, 3, FALSE)), "") -> A | K58: =IFERROR(IF(VLOOKUP($G58, 'Enter DVID'!$A$1:$D$61, 4, FALSE)="", "", VLOOKUP($G58, 'Enter DVID'!$A$1:$D$61, 4, FALSE)), "") -> SYS_CLOCK
G59: PortStateInfo | H59: =IFERROR(IF(VLOOKUP($G59, 'Enter DVID'!$A$1:$C$61, 2, FALSE)="", "", VLOOKUP($G59, 'Enter DVID'!$A$1:$C$61, 2, FALSE)), "") -> 463 | I59: =IFERROR(IF(VLOOKUP($G59, 'Enter DVID'!$A$1:$C$61, 3, FALSE)="", "", VLOOKUP($G59, 'Enter DVID'!$A$1:$C$61, 3, FALSE)), "") -> List | K59: =IFERROR(IF(VLOOKUP($G59, 'Enter DVID'!$A$1:$D$61, 4, FALSE)="", "", VLOOKUP($G59, 'Enter DVID'!$A$1:$D$61, 4, FALSE)), "") -> CMS_PORTSTATEINFO
A61: Index | B61: SEMI | C61: Event | D61: AliasName_MappingWithTSMC | E61: TAP->TCS Report | F61: CEID | G61: Valid_DV | H61: DVID | I61: Data_Type | J61: Event Name (SECS Manual) | K61: VID Name (SECS Manual) | L61: Remark
A62: 10 | B62: E87 | C62: TRANSFER BLOCKED->READY TO UNLOAD | D62: ReadyToUnload | E62: ReadyToUnloadReport | F62: 1005 | G62: PortID | H62: =IFERROR(IF(VLOOKUP($G62, 'Enter DVID'!$A$1:$C$61, 2, FALSE)="", "", VLOOKUP($G62, 'Enter DVID'!$A$1:$C$61, 2, FALSE)), "") -> 2001 | I62: =IFERROR(IF(VLOOKUP($G62, 'Enter DVID'!$A$1:$C$61, 3, FALSE)="", "", VLOOKUP($G62, 'Enter DVID'!$A$1:$C$61, 3, FALSE)), "") -> U1 | J62: ReadyToUnload | K62: =IFERROR(IF(VLOOKUP($G62, 'Enter DVID'!$A$1:$D$61, 4, FALSE)="", "", VLOOKUP($G62, 'Enter DVID'!$A$1:$D$61, 4, FALSE)), "") -> PORTID
G63: PortTransferState | H63: =IFERROR(IF(VLOOKUP($G63, 'Enter DVID'!$A$1:$C$61, 2, FALSE)="", "", VLOOKUP($G63, 'Enter DVID'!$A$1:$C$61, 2, FALSE)), "") -> 2005 | I63: =IFERROR(IF(VLOOKUP($G63, 'Enter DVID'!$A$1:$C$61, 3, FALSE)="", "", VLOOKUP($G63, 'Enter DVID'!$A$1:$C$61, 3, FALSE)), "") -> U1 | K63: =IFERROR(IF(VLOOKUP($G63, 'Enter DVID'!$A$1:$D$61, 4, FALSE)="", "", VLOOKUP($G63, 'Enter DVID'!$A$1:$D$61, 4, FALSE)), "") -> PORTTRANSFERSTATE
G64: EventName | H64: =IFERROR(IF(VLOOKUP($G64, 'Enter DVID'!$A$1:$C$61, 2, FALSE)="", "", VLOOKUP($G64, 'Enter DVID'!$A$1:$C$61, 2, FALSE)), "") | I64: =IFERROR(IF(VLOOKUP($G64, 'Enter DVID'!$A$1:$C$61, 3, FALSE)="", "", VLOOKUP($G64, 'Enter DVID'!$A$1:$C$61, 3, FALSE)), "") | K64: =IFERROR(IF(VLOOKUP($G64, 'Enter DVID'!$A$1:$D$61, 4, FALSE)="", "", VLOOKUP($G64, 'Enter DVID'!$A$1:$D$61, 4, FALSE)), "")
G65: CLOCK | H65: =IFERROR(IF(VLOOKUP($G65, 'Enter DVID'!$A$1:$C$61, 2, FALSE)="", "", VLOOKUP($G65, 'Enter DVID'!$A$1:$C$61, 2, FALSE)), "") -> 3 | I65: =IFERROR(IF(VLOOKUP($G65, 'Enter DVID'!$A$1:$C$61, 3, FALSE)="", "", VLOOKUP($G65, 'Enter DVID'!$A$1:$C$61, 3, FALSE)), "") -> A | K65: =IFERROR(IF(VLOOKUP($G65, 'Enter DVID'!$A$1:$D$61, 4, FALSE)="", "", VLOOKUP($G65, 'Enter DVID'!$A$1:$D$61, 4, FALSE)), "") -> SYS_CLOCK
A67: Index | B67: SEMI | C67: Event | D67: AliasName_MappingWithTSMC | E67: TAP->TCS Report | F67: CEID | G67: Valid_DV | H67: DVID | I67: Data_Type | J67: Event Name (SECS Manual) | K67: VID Name (SECS Manual) | L67: Remark
A68: 11 | B68: E87 | C68: CARRIER UNLOAD COMPLETE | D68: UnloadComplete | E68: UnloadCompleteReport | F68: 5118 | G68: PortID | H68: =IFERROR(IF(VLOOKUP($G68, 'Enter DVID'!$A$1:$C$61, 2, FALSE)="", "", VLOOKUP($G68, 'Enter DVID'!$A$1:$C$61, 2, FALSE)), "") -> 2001 | I68: =IFERROR(IF(VLOOKUP($G68, 'Enter DVID'!$A$1:$C$61, 3, FALSE)="", "", VLOOKUP($G68, 'Enter DVID'!$A$1:$C$61, 3, FALSE)), "") -> U1 | J68: CarrierUnloadComplete | K68: =IFERROR(IF(VLOOKUP($G68, 'Enter DVID'!$A$1:$D$61, 4, FALSE)="", "", VLOOKUP($G68, 'Enter DVID'!$A$1:$D$61, 4, FALSE)), "") -> PORTID
G69: PortTransferState | H69: =IFERROR(IF(VLOOKUP($G69, 'Enter DVID'!$A$1:$C$61, 2, FALSE)="", "", VLOOKUP($G69, 'Enter DVID'!$A$1:$C$61, 2, FALSE)), "") -> 2005 | I69: =IFERROR(IF(VLOOKUP($G69, 'Enter DVID'!$A$1:$C$61, 3, FALSE)="", "", VLOOKUP($G69, 'Enter DVID'!$A$1:$C$61, 3, FALSE)), "") -> U1 | K69: =IFERROR(IF(VLOOKUP($G69, 'Enter DVID'!$A$1:$D$61, 4, FALSE)="", "", VLOOKUP($G69, 'Enter DVID'!$A$1:$D$61, 4, FALSE)), "") -> PORTTRANSFERSTATE
G70: EventName | H70: =IFERROR(IF(VLOOKUP($G70, 'Enter DVID'!$A$1:$C$61, 2, FALSE)="", "", VLOOKUP($G70, 'Enter DVID'!$A$1:$C$61, 2, FALSE)), "") | I70: =IFERROR(IF(VLOOKUP($G70, 'Enter DVID'!$A$1:$C$61, 3, FALSE)="", "", VLOOKUP($G70, 'Enter DVID'!$A$1:$C$61, 3, FALSE)), "") | K70: =IFERROR(IF(VLOOKUP($G70, 'Enter DVID'!$A$1:$D$61, 4, FALSE)="", "", VLOOKUP($G70, 'Enter DVID'!$A$1:$D$61, 4, FALSE)), "")
G71: CLOCK | H71: =IFERROR(IF(VLOOKUP($G71, 'Enter DVID'!$A$1:$C$61, 2, FALSE)="", "", VLOOKUP($G71, 'Enter DVID'!$A$1:$C$61, 2, FALSE)), "") -> 3 | I71: =IFERROR(IF(VLOOKUP($G71, 'Enter DVID'!$A$1:$C$61, 3, FALSE)="", "", VLOOKUP($G71, 'Enter DVID'!$A$1:$C$61, 3, FALSE)), "") -> A | K71: =IFERROR(IF(VLOOKUP($G71, 'Enter DVID'!$A$1:$D$61, 4, FALSE)="", "", VLOOKUP($G71, 'Enter DVID'!$A$1:$D$61, 4, FALSE)), "") -> SYS_CLOCK
G72: LocationID | H72: =IFERROR(IF(VLOOKUP($G72, 'Enter DVID'!$A$1:$C$61, 2, FALSE)="", "", VLOOKUP($G72, 'Enter DVID'!$A$1:$C$61, 2, FALSE)), "") -> 448 | I72: =IFERROR(IF(VLOOKUP($G72, 'Enter DVID'!$A$1:$C$61, 3, FALSE)="", "", VLOOKUP($G72, 'Enter DVID'!$A$1:$C$61, 3, FALSE)), "") -> A | K72: =IFERROR(IF(VLOOKUP($G72, 'Enter DVID'!$A$1:$D$61, 4, FALSE)="", "", VLOOKUP($G72, 'Enter DVID'!$A$1:$D$61, 4, FALSE)), "") -> CMS_LOCATIONID
A74: Index | B74: SEMI | C74: Event | D74: AliasName_MappingWithTSMC | E74: TAP->TCS Report | F74: CEID | G74: Valid_DV | H74: DVID | I74: Data_Type | J74: Event Name (SECS Manual) | K74: VID Name (SECS Manual) | L74: Remark
A75: 12 | B75: E87 | C75: TRANSFER BLOCKED->READY TO LOAD | D75: ReadyToLoad | E75: ReadyToLoadReport | F75: 1004 | G75: PortID | H75: =IFERROR(IF(VLOOKUP($G75, 'Enter DVID'!$A$1:$C$61, 2, FALSE)="", "", VLOOKUP($G75, 'Enter DVID'!$A$1:$C$61, 2, FALSE)), "") -> 2001 | I75: =IFERROR(IF(VLOOKUP($G75, 'Enter DVID'!$A$1:$C$61, 3, FALSE)="", "", VLOOKUP($G75, 'Enter DVID'!$A$1:$C$61, 3, FALSE)), "") -> U1 | J75: ReadyToLoad | K75: =IFERROR(IF(VLOOKUP($G75, 'Enter DVID'!$A$1:$D$61, 4, FALSE)="", "", VLOOKUP($G75, 'Enter DVID'!$A$1:$D$61, 4, FALSE)), "") -> PORTID
G76: PortTransferState | H76: =IFERROR(IF(VLOOKUP($G76, 'Enter DVID'!$A$1:$C$61, 2, FALSE)="", "", VLOOKUP($G76, 'Enter DVID'!$A$1:$C$61, 2, FALSE)), "") -> 2005 | I76: =IFERROR(IF(VLOOKUP($G76, 'Enter DVID'!$A$1:$C$61, 3, FALSE)="", "", VLOOKUP($G76, 'Enter DVID'!$A$1:$C$61, 3, FALSE)), "") -> U1 | K76: =IFERROR(IF(VLOOKUP($G76, 'Enter DVID'!$A$1:$D$61, 4, FALSE)="", "", VLOOKUP($G76, 'Enter DVID'!$A$1:$D$61, 4, FALSE)), "") -> PORTTRANSFERSTATE
G77: EventName | H77: =IFERROR(IF(VLOOKUP($G77, 'Enter DVID'!$A$1:$C$61, 2, FALSE)="", "", VLOOKUP($G77, 'Enter DVID'!$A$1:$C$61, 2, FALSE)), "") | I77: =IFERROR(IF(VLOOKUP($G77, 'Enter DVID'!$A$1:$C$61, 3, FALSE)="", "", VLOOKUP($G77, 'Enter DVID'!$A$1:$C$61, 3, FALSE)), "") | K77: =IFERROR(IF(VLOOKUP($G77, 'Enter DVID'!$A$1:$D$61, 4, FALSE)="", "", VLOOKUP($G77, 'Enter DVID'!$A$1:$D$61, 4, FALSE)), "")
G78: CLOCK | H78: =IFERROR(IF(VLOOKUP($G78, 'Enter DVID'!$A$1:$C$61, 2, FALSE)="", "", VLOOKUP($G78, 'Enter DVID'!$A$1:$C$61, 2, FALSE)), "") -> 3 | I78: =IFERROR(IF(VLOOKUP($G78, 'Enter DVID'!$A$1:$C$61, 3, FALSE)="", "", VLOOKUP($G78, 'Enter DVID'!$A$1:$C$61, 3, FALSE)), "") -> A | K78: =IFERROR(IF(VLOOKUP($G78, 'Enter DVID'!$A$1:$D$61, 4, FALSE)="", "", VLOOKUP($G78, 'Enter DVID'!$A$1:$D$61, 4, FALSE)), "") -> SYS_CLOCK
A80: Index | B80: SEMI | C80: Event | D80: AliasName_MappingWithTSMC | E80: TAP->TCS Report | F80: CEID | G80: Valid_DV | H80: DVID | I80: Data_Type | J80: Event Name (SECS Manual) | K80: VID Name (SECS Manual) | L80: Remark
A81: 13 | B81: E87 | C81: LPAccessMode Manual -> Auto | D81: AccessMode_Auto | F81: 1002 | G81: PortID | H81: =IFERROR(IF(VLOOKUP($G81, 'Enter DVID'!$A$1:$C$61, 2, FALSE)="", "", VLOOKUP($G81, 'Enter DVID'!$A$1:$C$61, 2, FALSE)), "") -> 2001 | I81: =IFERROR(IF(VLOOKUP($G81, 'Enter DVID'!$A$1:$C$61, 3, FALSE)="", "", VLOOKUP($G81, 'Enter DVID'!$A$1:$C$61, 3, FALSE)), "") -> U1 | J81: AccessModeAuto | K81: =IFERROR(IF(VLOOKUP($G81, 'Enter DVID'!$A$1:$D$61, 4, FALSE)="", "", VLOOKUP($G81, 'Enter DVID'!$A$1:$D$61, 4, FALSE)), "") -> PORTID
G82: AccessMode | H82: =IFERROR(IF(VLOOKUP($G82, 'Enter DVID'!$A$1:$C$61, 2, FALSE)="", "", VLOOKUP($G82, 'Enter DVID'!$A$1:$C$61, 2, FALSE)), "") -> 2002 | I82: =IFERROR(IF(VLOOKUP($G82, 'Enter DVID'!$A$1:$C$61, 3, FALSE)="", "", VLOOKUP($G82, 'Enter DVID'!$A$1:$C$61, 3, FALSE)), "") -> U1 | K82: =IFERROR(IF(VLOOKUP($G82, 'Enter DVID'!$A$1:$D$61, 4, FALSE)="", "", VLOOKUP($G82, 'Enter DVID'!$A$1:$D$61, 4, FALSE)), "") -> ACCESSMODE | L82: 0=Manual、1=Auto
G83: EventName | H83: =IFERROR(IF(VLOOKUP($G83, 'Enter DVID'!$A$1:$C$61, 2, FALSE)="", "", VLOOKUP($G83, 'Enter DVID'!$A$1:$C$61, 2, FALSE)), "") | I83: =IFERROR(IF(VLOOKUP($G83, 'Enter DVID'!$A$1:$C$61, 3, FALSE)="", "", VLOOKUP($G83, 'Enter DVID'!$A$1:$C$61, 3, FALSE)), "") | K83: =IFERROR(IF(VLOOKUP($G83, 'Enter DVID'!$A$1:$D$61, 4, FALSE)="", "", VLOOKUP($G83, 'Enter DVID'!$A$1:$D$61, 4, FALSE)), "")
G84: CLOCK | H84: =IFERROR(IF(VLOOKUP($G84, 'Enter DVID'!$A$1:$C$61, 2, FALSE)="", "", VLOOKUP($G84, 'Enter DVID'!$A$1:$C$61, 2, FALSE)), "") -> 3 | I84: =IFERROR(IF(VLOOKUP($G84, 'Enter DVID'!$A$1:$C$61, 3, FALSE)="", "", VLOOKUP($G84, 'Enter DVID'!$A$1:$C$61, 3, FALSE)), "") -> A | K84: =IFERROR(IF(VLOOKUP($G84, 'Enter DVID'!$A$1:$D$61, 4, FALSE)="", "", VLOOKUP($G84, 'Enter DVID'!$A$1:$D$61, 4, FALSE)), "") -> SYS_CLOCK
A86: Index | B86: SEMI | C86: Event | D86: AliasName_MappingWithTSMC | E86: TAP->TCS Report | F86: CEID | G86: Valid_DV | H86: DVID | I86: Data_Type | J86: Event Name (SECS Manual) | K86: VID Name (SECS Manual) | L86: Remark
A87: 14 | B87: E87 | C87: LPAccessMode Auto -> Manual | D87: AccessMode_Manu | F87: 1003 | G87: PortID | H87: =IFERROR(IF(VLOOKUP($G87, 'Enter DVID'!$A$1:$C$61, 2, FALSE)="", "", VLOOKUP($G87, 'Enter DVID'!$A$1:$C$61, 2, FALSE)), "") -> 2001 | I87: =IFERROR(IF(VLOOKUP($G87, 'Enter DVID'!$A$1:$C$61, 3, FALSE)="", "", VLOOKUP($G87, 'Enter DVID'!$A$1:$C$61, 3, FALSE)), "") -> U1 | J87: AccessModeManu | K87: =IFERROR(IF(VLOOKUP($G87, 'Enter DVID'!$A$1:$D$61, 4, FALSE)="", "", VLOOKUP($G87, 'Enter DVID'!$A$1:$D$61, 4, FALSE)), "") -> PORTID
G88: AccessMode | H88: =IFERROR(IF(VLOOKUP($G88, 'Enter DVID'!$A$1:$C$61, 2, FALSE)="", "", VLOOKUP($G88, 'Enter DVID'!$A$1:$C$61, 2, FALSE)), "") -> 2002 | I88: =IFERROR(IF(VLOOKUP($G88, 'Enter DVID'!$A$1:$C$61, 3, FALSE)="", "", VLOOKUP($G88, 'Enter DVID'!$A$1:$C$61, 3, FALSE)), "") -> U1 | K88: =IFERROR(IF(VLOOKUP($G88, 'Enter DVID'!$A$1:$D$61, 4, FALSE)="", "", VLOOKUP($G88, 'Enter DVID'!$A$1:$D$61, 4, FALSE)), "") -> ACCESSMODE | L88: 0=Manual、1=Auto
G89: EventName | H89: =IFERROR(IF(VLOOKUP($G89, 'Enter DVID'!$A$1:$C$61, 2, FALSE)="", "", VLOOKUP($G89, 'Enter DVID'!$A$1:$C$61, 2, FALSE)), "") | I89: =IFERROR(IF(VLOOKUP($G89, 'Enter DVID'!$A$1:$C$61, 3, FALSE)="", "", VLOOKUP($G89, 'Enter DVID'!$A$1:$C$61, 3, FALSE)), "") | K89: =IFERROR(IF(VLOOKUP($G89, 'Enter DVID'!$A$1:$D$61, 4, FALSE)="", "", VLOOKUP($G89, 'Enter DVID'!$A$1:$D$61, 4, FALSE)), "")
G90: CLOCK | H90: =IFERROR(IF(VLOOKUP($G90, 'Enter DVID'!$A$1:$C$61, 2, FALSE)="", "", VLOOKUP($G90, 'Enter DVID'!$A$1:$C$61, 2, FALSE)), "") -> 3 | I90: =IFERROR(IF(VLOOKUP($G90, 'Enter DVID'!$A$1:$C$61, 3, FALSE)="", "", VLOOKUP($G90, 'Enter DVID'!$A$1:$C$61, 3, FALSE)), "") -> A | K90: =IFERROR(IF(VLOOKUP($G90, 'Enter DVID'!$A$1:$D$61, 4, FALSE)="", "", VLOOKUP($G90, 'Enter DVID'!$A$1:$D$61, 4, FALSE)), "") -> SYS_CLOCK
A92: Index | B92: SEMI | C92: Event | D92: AliasName_MappingWithTSMC | E92: TAP->TCS Report | F92: CEID | G92: Valid_DV | H92: DVID | I92: Data_Type | J92: Event Name (SECS Manual) | K92: VID Name (SECS Manual) | L92: Remark
A93: 15 | B93: E87 | C93: UNDOCKED->DOCKED | D93: CarrierDocked | F93: 5115 | G93: PortID | H93: =IFERROR(IF(VLOOKUP($G93, 'Enter DVID'!$A$1:$C$61, 2, FALSE)="", "", VLOOKUP($G93, 'Enter DVID'!$A$1:$C$61, 2, FALSE)), "") -> 2001 | I93: =IFERROR(IF(VLOOKUP($G93, 'Enter DVID'!$A$1:$C$61, 3, FALSE)="", "", VLOOKUP($G93, 'Enter DVID'!$A$1:$C$61, 3, FALSE)), "") -> U1 | J93: CarrierDock | K93: =IFERROR(IF(VLOOKUP($G93, 'Enter DVID'!$A$1:$D$61, 4, FALSE)="", "", VLOOKUP($G93, 'Enter DVID'!$A$1:$D$61, 4, FALSE)), "") -> PORTID
G94: CarrierID | H94: =IFERROR(IF(VLOOKUP($G94, 'Enter DVID'!$A$1:$C$61, 2, FALSE)="", "", VLOOKUP($G94, 'Enter DVID'!$A$1:$C$61, 2, FALSE)), "") -> 2000 | I94: =IFERROR(IF(VLOOKUP($G94, 'Enter DVID'!$A$1:$C$61, 3, FALSE)="", "", VLOOKUP($G94, 'Enter DVID'!$A$1:$C$61, 3, FALSE)), "") -> A | K94: =IFERROR(IF(VLOOKUP($G94, 'Enter DVID'!$A$1:$D$61, 4, FALSE)="", "", VLOOKUP($G94, 'Enter DVID'!$A$1:$D$61, 4, FALSE)), "") -> CARRIERID
G95: EventName | H95: =IFERROR(IF(VLOOKUP($G95, 'Enter DVID'!$A$1:$C$61, 2, FALSE)="", "", VLOOKUP($G95, 'Enter DVID'!$A$1:$C$61, 2, FALSE)), "") | I95: =IFERROR(IF(VLOOKUP($G95, 'Enter DVID'!$A$1:$C$61, 3, FALSE)="", "", VLOOKUP($G95, 'Enter DVID'!$A$1:$C$61, 3, FALSE)), "") | K95: =IFERROR(IF(VLOOKUP($G95, 'Enter DVID'!$A$1:$D$61, 4, FALSE)="", "", VLOOKUP($G95, 'Enter DVID'!$A$1:$D$61, 4, FALSE)), "")
G96: CLOCK | H96: =IFERROR(IF(VLOOKUP($G96, 'Enter DVID'!$A$1:$C$61, 2, FALSE)="", "", VLOOKUP($G96, 'Enter DVID'!$A$1:$C$61, 2, FALSE)), "") -> 3 | I96: =IFERROR(IF(VLOOKUP($G96, 'Enter DVID'!$A$1:$C$61, 3, FALSE)="", "", VLOOKUP($G96, 'Enter DVID'!$A$1:$C$61, 3, FALSE)), "") -> A | K96: =IFERROR(IF(VLOOKUP($G96, 'Enter DVID'!$A$1:$D$61, 4, FALSE)="", "", VLOOKUP($G96, 'Enter DVID'!$A$1:$D$61, 4, FALSE)), "") -> SYS_CLOCK
G97: LocationID | H97: =IFERROR(IF(VLOOKUP($G97, 'Enter DVID'!$A$1:$C$61, 2, FALSE)="", "", VLOOKUP($G97, 'Enter DVID'!$A$1:$C$61, 2, FALSE)), "") -> 448 | I97: =IFERROR(IF(VLOOKUP($G97, 'Enter DVID'!$A$1:$C$61, 3, FALSE)="", "", VLOOKUP($G97, 'Enter DVID'!$A$1:$C$61, 3, FALSE)), "") -> A | K97: =IFERROR(IF(VLOOKUP($G97, 'Enter DVID'!$A$1:$D$61, 4, FALSE)="", "", VLOOKUP($G97, 'Enter DVID'!$A$1:$D$61, 4, FALSE)), "") -> CMS_LOCATIONID
A99: Index | B99: SEMI | C99: Event | D99: AliasName_MappingWithTSMC | E99: TAP->TCS Report | F99: CEID | G99: Valid_DV | H99: DVID | I99: Data_Type | J99: Event Name (SECS Manual) | K99: VID Name (SECS Manual) | L99: Remark
A100: 16 | B100: E87 | C100: UNOCCUPIED->UNDOCKED | D100: CarrierUndocked | F100: 5116 | G100: PortID | H100: =IFERROR(IF(VLOOKUP($G100, 'Enter DVID'!$A$1:$C$61, 2, FALSE)="", "", VLOOKUP($G100, 'Enter DVID'!$A$1:$C$61, 2, FALSE)), "") -> 2001 | I100: =IFERROR(IF(VLOOKUP($G100, 'Enter DVID'!$A$1:$C$61, 3, FALSE)="", "", VLOOKUP($G100, 'Enter DVID'!$A$1:$C$61, 3, FALSE)), "") -> U1 | J100: CarrierUnDock | K100: =IFERROR(IF(VLOOKUP($G100, 'Enter DVID'!$A$1:$D$61, 4, FALSE)="", "", VLOOKUP($G100, 'Enter DVID'!$A$1:$D$61, 4, FALSE)), "") -> PORTID
G101: CarrierID | H101: =IFERROR(IF(VLOOKUP($G101, 'Enter DVID'!$A$1:$C$61, 2, FALSE)="", "", VLOOKUP($G101, 'Enter DVID'!$A$1:$C$61, 2, FALSE)), "") -> 2000 | I101: =IFERROR(IF(VLOOKUP($G101, 'Enter DVID'!$A$1:$C$61, 3, FALSE)="", "", VLOOKUP($G101, 'Enter DVID'!$A$1:$C$61, 3, FALSE)), "") -> A | K101: =IFERROR(IF(VLOOKUP($G101, 'Enter DVID'!$A$1:$D$61, 4, FALSE)="", "", VLOOKUP($G101, 'Enter DVID'!$A$1:$D$61, 4, FALSE)), "") -> CARRIERID
G102: EventName | H102: =IFERROR(IF(VLOOKUP($G102, 'Enter DVID'!$A$1:$C$61, 2, FALSE)="", "", VLOOKUP($G102, 'Enter DVID'!$A$1:$C$61, 2, FALSE)), "") | I102: =IFERROR(IF(VLOOKUP($G102, 'Enter DVID'!$A$1:$C$61, 3, FALSE)="", "", VLOOKUP($G102, 'Enter DVID'!$A$1:$C$61, 3, FALSE)), "") | K102: =IFERROR(IF(VLOOKUP($G102, 'Enter DVID'!$A$1:$D$61, 4, FALSE)="", "", VLOOKUP($G102, 'Enter DVID'!$A$1:$D$61, 4, FALSE)), "")
G103: CLOCK | H103: =IFERROR(IF(VLOOKUP($G103, 'Enter DVID'!$A$1:$C$61, 2, FALSE)="", "", VLOOKUP($G103, 'Enter DVID'!$A$1:$C$61, 2, FALSE)), "") -> 3 | I103: =IFERROR(IF(VLOOKUP($G103, 'Enter DVID'!$A$1:$C$61, 3, FALSE)="", "", VLOOKUP($G103, 'Enter DVID'!$A$1:$C$61, 3, FALSE)), "") -> A | K103: =IFERROR(IF(VLOOKUP($G103, 'Enter DVID'!$A$1:$D$61, 4, FALSE)="", "", VLOOKUP($G103, 'Enter DVID'!$A$1:$D$61, 4, FALSE)), "") -> SYS_CLOCK
G104: LocationID | H104: =IFERROR(IF(VLOOKUP($G104, 'Enter DVID'!$A$1:$C$61, 2, FALSE)="", "", VLOOKUP($G104, 'Enter DVID'!$A$1:$C$61, 2, FALSE)), "") -> 448 | I104: =IFERROR(IF(VLOOKUP($G104, 'Enter DVID'!$A$1:$C$61, 3, FALSE)="", "", VLOOKUP($G104, 'Enter DVID'!$A$1:$C$61, 3, FALSE)), "") -> A | K104: =IFERROR(IF(VLOOKUP($G104, 'Enter DVID'!$A$1:$D$61, 4, FALSE)="", "", VLOOKUP($G104, 'Enter DVID'!$A$1:$D$61, 4, FALSE)), "") -> CMS_LOCATIONID
A106: Index | B106: SEMI | C106: Event | D106: AliasName_MappingWithTSMC | E106: TAP->TCS Report | F106: CEID | G106: Valid_DV | H106: DVID | I106: Data_Type | J106: Event Name (SECS Manual) | K106: VID Name (SECS Manual) | L106: Remark
A107: 17 | B107: E87 | C107: CLOSED->OPENED | D107: CarrierOpened | F107: 1009 | G107: PortID | H107: =IFERROR(IF(VLOOKUP($G107, 'Enter DVID'!$A$1:$C$61, 2, FALSE)="", "", VLOOKUP($G107, 'Enter DVID'!$A$1:$C$61, 2, FALSE)), "") -> 2001 | I107: =IFERROR(IF(VLOOKUP($G107, 'Enter DVID'!$A$1:$C$61, 3, FALSE)="", "", VLOOKUP($G107, 'Enter DVID'!$A$1:$C$61, 3, FALSE)), "") -> U1 | J107: CarrierDoorOpened | K107: =IFERROR(IF(VLOOKUP($G107, 'Enter DVID'!$A$1:$D$61, 4, FALSE)="", "", VLOOKUP($G107, 'Enter DVID'!$A$1:$D$61, 4, FALSE)), "") -> PORTID
G108: CarrierID | H108: =IFERROR(IF(VLOOKUP($G108, 'Enter DVID'!$A$1:$C$61, 2, FALSE)="", "", VLOOKUP($G108, 'Enter DVID'!$A$1:$C$61, 2, FALSE)), "") -> 2000 | I108: =IFERROR(IF(VLOOKUP($G108, 'Enter DVID'!$A$1:$C$61, 3, FALSE)="", "", VLOOKUP($G108, 'Enter DVID'!$A$1:$C$61, 3, FALSE)), "") -> A | K108: =IFERROR(IF(VLOOKUP($G108, 'Enter DVID'!$A$1:$D$61, 4, FALSE)="", "", VLOOKUP($G108, 'Enter DVID'!$A$1:$D$61, 4, FALSE)), "") -> CARRIERID
G109: EventName | H109: =IFERROR(IF(VLOOKUP($G109, 'Enter DVID'!$A$1:$C$61, 2, FALSE)="", "", VLOOKUP($G109, 'Enter DVID'!$A$1:$C$61, 2, FALSE)), "") | I109: =IFERROR(IF(VLOOKUP($G109, 'Enter DVID'!$A$1:$C$61, 3, FALSE)="", "", VLOOKUP($G109, 'Enter DVID'!$A$1:$C$61, 3, FALSE)), "") | K109: =IFERROR(IF(VLOOKUP($G109, 'Enter DVID'!$A$1:$D$61, 4, FALSE)="", "", VLOOKUP($G109, 'Enter DVID'!$A$1:$D$61, 4, FALSE)), "")
G110: CLOCK | H110: =IFERROR(IF(VLOOKUP($G110, 'Enter DVID'!$A$1:$C$61, 2, FALSE)="", "", VLOOKUP($G110, 'Enter DVID'!$A$1:$C$61, 2, FALSE)), "") -> 3 | I110: =IFERROR(IF(VLOOKUP($G110, 'Enter DVID'!$A$1:$C$61, 3, FALSE)="", "", VLOOKUP($G110, 'Enter DVID'!$A$1:$C$61, 3, FALSE)), "") -> A | K110: =IFERROR(IF(VLOOKUP($G110, 'Enter DVID'!$A$1:$D$61, 4, FALSE)="", "", VLOOKUP($G110, 'Enter DVID'!$A$1:$D$61, 4, FALSE)), "") -> SYS_CLOCK
G111: LocationID | H111: =IFERROR(IF(VLOOKUP($G111, 'Enter DVID'!$A$1:$C$61, 2, FALSE)="", "", VLOOKUP($G111, 'Enter DVID'!$A$1:$C$61, 2, FALSE)), "") -> 448 | I111: =IFERROR(IF(VLOOKUP($G111, 'Enter DVID'!$A$1:$C$61, 3, FALSE)="", "", VLOOKUP($G111, 'Enter DVID'!$A$1:$C$61, 3, FALSE)), "") -> A | K111: =IFERROR(IF(VLOOKUP($G111, 'Enter DVID'!$A$1:$D$61, 4, FALSE)="", "", VLOOKUP($G111, 'Enter DVID'!$A$1:$D$61, 4, FALSE)), "") -> CMS_LOCATIONID
G112: Usage | H112: =IFERROR(IF(VLOOKUP($G112, 'Enter DVID'!$A$1:$C$61, 2, FALSE)="", "", VLOOKUP($G112, 'Enter DVID'!$A$1:$C$61, 2, FALSE)), "") -> 450 | I112: =IFERROR(IF(VLOOKUP($G112, 'Enter DVID'!$A$1:$C$61, 3, FALSE)="", "", VLOOKUP($G112, 'Enter DVID'!$A$1:$C$61, 3, FALSE)), "") -> A | K112: =IFERROR(IF(VLOOKUP($G112, 'Enter DVID'!$A$1:$D$61, 4, FALSE)="", "", VLOOKUP($G112, 'Enter DVID'!$A$1:$D$61, 4, FALSE)), "") -> CMS_USAGE
A114: Index | B114: SEMI | C114: Event | D114: AliasName_MappingWithTSMC | E114: TAP->TCS Report | F114: CEID | G114: Valid_DV | H114: DVID | I114: Data_Type | J114: Event Name (SECS Manual) | K114: VID Name (SECS Manual) | L114: Remark
A115: 18 | B115: E87 | C115: OPENED->CLOSED | D115: CarrierClosed | F115: 1010 | G115: PortID | H115: =IFERROR(IF(VLOOKUP($G115, 'Enter DVID'!$A$1:$C$61, 2, FALSE)="", "", VLOOKUP($G115, 'Enter DVID'!$A$1:$C$61, 2, FALSE)), "") -> 2001 | I115: =IFERROR(IF(VLOOKUP($G115, 'Enter DVID'!$A$1:$C$61, 3, FALSE)="", "", VLOOKUP($G115, 'Enter DVID'!$A$1:$C$61, 3, FALSE)), "") -> U1 | J115: CarrierDoorClosed | K115: =IFERROR(IF(VLOOKUP($G115, 'Enter DVID'!$A$1:$D$61, 4, FALSE)="", "", VLOOKUP($G115, 'Enter DVID'!$A$1:$D$61, 4, FALSE)), "") -> PORTID
G116: CarrierID | H116: =IFERROR(IF(VLOOKUP($G116, 'Enter DVID'!$A$1:$C$61, 2, FALSE)="", "", VLOOKUP($G116, 'Enter DVID'!$A$1:$C$61, 2, FALSE)), "") -> 2000 | I116: =IFERROR(IF(VLOOKUP($G116, 'Enter DVID'!$A$1:$C$61, 3, FALSE)="", "", VLOOKUP($G116, 'Enter DVID'!$A$1:$C$61, 3, FALSE)), "") -> A | K116: =IFERROR(IF(VLOOKUP($G116, 'Enter DVID'!$A$1:$D$61, 4, FALSE)="", "", VLOOKUP($G116, 'Enter DVID'!$A$1:$D$61, 4, FALSE)), "") -> CARRIERID
G117: EventName | H117: =IFERROR(IF(VLOOKUP($G117, 'Enter DVID'!$A$1:$C$61, 2, FALSE)="", "", VLOOKUP($G117, 'Enter DVID'!$A$1:$C$61, 2, FALSE)), "") | I117: =IFERROR(IF(VLOOKUP($G117, 'Enter DVID'!$A$1:$C$61, 3, FALSE)="", "", VLOOKUP($G117, 'Enter DVID'!$A$1:$C$61, 3, FALSE)), "") | K117: =IFERROR(IF(VLOOKUP($G117, 'Enter DVID'!$A$1:$D$61, 4, FALSE)="", "", VLOOKUP($G117, 'Enter DVID'!$A$1:$D$61, 4, FALSE)), "")
G118: CLOCK | H118: =IFERROR(IF(VLOOKUP($G118, 'Enter DVID'!$A$1:$C$61, 2, FALSE)="", "", VLOOKUP($G118, 'Enter DVID'!$A$1:$C$61, 2, FALSE)), "") -> 3 | I118: =IFERROR(IF(VLOOKUP($G118, 'Enter DVID'!$A$1:$C$61, 3, FALSE)="", "", VLOOKUP($G118, 'Enter DVID'!$A$1:$C$61, 3, FALSE)), "") -> A | K118: =IFERROR(IF(VLOOKUP($G118, 'Enter DVID'!$A$1:$D$61, 4, FALSE)="", "", VLOOKUP($G118, 'Enter DVID'!$A$1:$D$61, 4, FALSE)), "") -> SYS_CLOCK
G119: LocationID | H119: =IFERROR(IF(VLOOKUP($G119, 'Enter DVID'!$A$1:$C$61, 2, FALSE)="", "", VLOOKUP($G119, 'Enter DVID'!$A$1:$C$61, 2, FALSE)), "") -> 448 | I119: =IFERROR(IF(VLOOKUP($G119, 'Enter DVID'!$A$1:$C$61, 3, FALSE)="", "", VLOOKUP($G119, 'Enter DVID'!$A$1:$C$61, 3, FALSE)), "") -> A | K119: =IFERROR(IF(VLOOKUP($G119, 'Enter DVID'!$A$1:$D$61, 4, FALSE)="", "", VLOOKUP($G119, 'Enter DVID'!$A$1:$D$61, 4, FALSE)), "") -> CMS_LOCATIONID
...

Sheet Enter DVID
A1: Valid_DV | B1: DVID (VID) | C1: Data_Type | D1: VID Name (SECS Manual) | E1: Required DVID Description | F1: Tip: 'Must' indicates that this DVID is included in the must-item list of a specific CEID
A2: EventName
A3: CLOCK | B3: 3 | C3: A | D3: SYS_CLOCK
A4: ControlState | B4: 6 | C4: U1 | D4: SYS_CONTROL_STATE | F4: Must
A5: ECChangeID | B5: 47 | C5: U4 | D5: SYS_ECID_CHANGED | E5: ECIDs of the changed equipment constants. | F5: Must
A6: PPChangeName | B6: 41 | C6: A | D6: SYS_PP_CHANGE_NAME | E6: The name (PPID) of the changed recipe. | F6: Must
A7: PPChangeStatus | B7: 42 | C7: U1 | D7: SYS_PP_CHANGE_STATUS | E7: Used to indicate the change status of the recipe, such as created or revised. | F7: Must
A8: PPChangeStatusText | B8: 4142 | C8: A | D8: SYS_PP_CHANGE_STATUS_TEXT | E8: Used to indicate the change status of the recipe, such as created or revised. This item requires the ASCII string type to directly specify the status, without using numeric value mapping.
A9: PortID | B9: 2001 | C9: U1 | D9: PORTID | E9: VID for load port | F9: Must
A10: AccessMode | B10: 2002 | C10: U1 | D10: ACCESSMODE | E10: VID for load port | F10: Must
A11: PortTransferState | B11: 2005 | C11: U1 | D11: PORTTRANSFERSTATE | E11: VID for load port | F11: Must
A12: PortStateInfo | B12: 463 | C12: List | D12: CMS_PORTSTATEINFO | E12: VID for load port
A13: PortAssociationState | B13: 464 | C13: U1 | D13: CMS_PORTASSOCIATIONSTATE | E13: VID for load port
A14: CarrierID | B14: 2000 | C14: A | D14: CARRIERID | E14: VID for carrier attribute | F14: Must
A15: CarrierAccessingStatus | B15: 444 | C15: U1 | D15: CMS_CARRIERACCESSINGSTATUS | E15: VID for carrier attribute | F15: Must
A16: CarrierIDStatus | B16: 443 | C16: U1 | D16: CMS_CARRIERIDSTATUS | E16: VID for carrier attribute
A17: ContentMap | B17: 446 | C17: List | D17: CMS_CONTENTMAP | E17: VID for carrier attribute
A18: SlotMap | B18: 2010 | C18: List | D18: SLOTMAP_LIST | E18: VID for carrier attribute | F18: Must
A19: SlotMapStatus | B19: 2003 | C19: U1 | D19: SLOTMAPSTATUS | E19: VID for carrier attribute
A20: LocationID | B20: 448 | C20: A | D20: CMS_LOCATIONID | E20: VID for carrier attribute | F20: Must
A21: SubStrateCount | B21: 445 | C21: U1 | D21: CMS_SUBSTRATECOUNT | E21: VID for carrier attribute
A22: Usage | B22: 450 | C22: A | D22: CMS_USAGE | E22: VID for carrier attribute
A23: Reason | B23: 2013 | C23: U1 | D23: REASON | E23: VID for carrier attribute
A24: PRJobID | B24: 141 | C24: A | D24: PJ_OBJID | E24: VID for process job attribute | F24: Must
A25: PRJobState | B25: 143 | C25: U1 | D25: PJ_PRJOBSTATE | E25: VID for process job attribute | F25: Must
A26: PRMtlType | B26: 145 | C26: BINARY | D26: PJ_PRMTLTYPE | E26: VID for process job attribute
A27: PRMtlNameList | B27: 144 | C27: List | D27: PJ_PRMTLNAMELIST | E27: VID for process job attribute
A28: PRRecipeID | B28: 148 | C28: A | D28: PJ_RECID | E28: VID for process job attribute | F28: Must
A29: PRRecipeMethod | B29: 147 | C29: U1 | D29: PJ_PRRECIPEMETHOD | E29: VID for process job attribute
A30: PRRecVariableList | B30: 149 | C30: List | D30: PJ_RECVARIABLELIST | E30: VID for process job attribute
A31: PJProcessedWaferCount_CompletedNormally | B31: 4160 | C31: U1 | D31: PJPROCESSEDNORMALLY_WAFERCOUNT | E31: This item requires the processed wafer count for the process job, including only the count of wafers completed normally and excluding abnormal ones, such as aborted or stopped wafers. | F31: Must
A32: AllPRJobsList | B32: 4150 | C32: List | D32: ALLPRJOBSLIST | E32: This item requires a PJID list for all process jobs that have not been completed.
A33: ControlJobID | B33: 241 | C33: A | D33: CJ_OBJID | E33: VID for control job attribute | F33: Must
A34: ControlJobState | B34: 251 | C34: U1 | D34: CJ_STATE | E34: VID for control job attribute | F34: Must
A35: CarrierInputSpec | B35: 242 | C35: List | D35: CJ_CARRIERINPUTSPEC | E35: VID for control job attribute
A36: CurrentPRJob | B36: 243 | C36: List | D36: CJ_CURRENTPRJOB | E36: VID for control job attribute
A37: ProcessOrderMgmt | B37: 249 | C37: U1 | D37: CJ_PROCESSORDERMGMT | E37: VID for control job attribute
A38: PRJobStatusList | B38: 252 | C38: List | D38: CJ_PRJOBSTATUSLIST | E38: VID for control job attribute
A39: CJProcessedWaferCount_CompletedNormally | B39: 4162 | C39: U1 | D39: CJPROCESSEDNORMALLY_WAFERCOUNT | E39: This item requires the processed wafer count for the control job, including only the count of wafers completed normally and excluding abnormal ones, such as aborted or stopped wafers.
A40: CJAbortedWaferCount | B40: 4163 | C40: U1 | D40: CJABORTED_WAFERCCOUNT | E40: This item requires the aborted wafer count for the control job.
A41: SubstrateID | B41: 341 | C41: A | D41: STS_OBJID | E41: VID for substrate attribute | F41: Must
A42: LotID | B42: 342 | C42: A | D42: STS_LOTID | E42: VID for substrate attribute | F42: Must
A43: SlotID | B43: 4170 | C43: A | D43: STS_SLOTID | E43: VID for substrate attribute | F43: Must
A44: SubstrateLocationID | B44: 346 | C44: A | D44: STS_SUBSTLOCID | E44: VID for substrate attribute | F44: Must
A45: SubstMtrlStatus | B45: 343 | C45: U1 | D45: STS_MATERIALSTATUS | E45: VID for substrate attribute
A46: SubstProcState | B46: 347 | C46: U1 | D46: STS_SUBSTPROCSTATE | E46: VID for substrate attribute | F46: Must
A47: SubstDestination | B47: 344 | C47: A | D47: STS_SUBSTDESTINATION | E47: VID for substrate attribute
A48: SubstSource | B48: 348 | C48: A | D48: STS_SUBSTSOURCE | E48: VID for substrate attribute
A49: SubstState | B49: 349 | C49: U1 | D49: STS_SUBSTSTATE | E49: VID for substrate attribute
A50: SubstStateList | B50: 4171 | C50: List | D50: SUBSTSTATE_LIST | E50: VID for substrate attribute
A51: SubstType | B51: 350 | C51: U1 | D51: STS_SUBSTTYPE | E51: VID for substrate attribute
A52: SubstUsage | B52: 351 | C52: U1 | D52: STS_SUBSTUSAGE | E52: VID for substrate attribute
A53: ActivePRJobID | B53: 4180 | C53: A | D53: ACTIVE_PRJOBID | E53: This item requires providing Process Job ID (PJID) to specify which process job it belongs to when the specified event (CEID) occurs. | F53: Must
A54: ActivePRJobPortID | B54: 4181 | C54: U1 | D54: ACTIVE_PRJOB_PORTID | E54: This item requires providing PortID to indicate which loading port the specified carrier belongs to when the specified event (CEID) occurs.
A55: ActivePRJobCarrierID | B55: 4182 | C55: A | D55: ACTIVE_PRJOB_CARRIERID | E55: This item requires providing CarrierID to specify which carrier it belongs to when the specified event (CEID) occurs.
A56: ActiveRecipeID | B56: 4183 | C56: A | D56: ACTIVE_RECIPEID | E56: This item requires providing PPID to specify which recipe is running when the specified event (CEID) occurs. | F56: Must
A57: ActivePRJobLotID | B57: 4184 | C57: A | D57: ACTIVE_PRJOB_LOTID | E57: This item requires providing LotID to specify which lot is running when the specified event (CEID) occurs.
A58: ActiveControlJobID | B58: 4185 | C58: A | D58: ACTIVE_CONTROLJOBID | E58: This item requires providing Control Job ID (CJID) to specify which control job it belongs to when the specified event (CEID) occurs.
A59: ChamberID | B59: 4186 | C59: A | D59: CHAMBER_ID | E59: This item requires providing the Chamber ID to specify which chamber the specified event (CEID) is associated with. | F59: Must
A60: StageID | B60: 4187 | C60: A | D60: STAGE_ID | E60: This item requires providing the Stage ID to specify which stage the specified event (CEID) is associated with. The Stage ID can be (1) The same as the Chamber ID if they are treated as the same unit. (2) A sub-unit or sub-chamber inside the chamber. (3) Defined differently based on how the equipment is designed.
A61: RecipeStepNumber | B61: 4188 | C61: U1 | D61: RECIPE_STEP | E61: The number representing the step in the recipe. This item requires providing the Recipe Step Number to indicate which step is being processed when the specified event (CEID) occurs. | F61: Must
